<?xml version="1.0" standalone="no"?>
<manifest identifier="_6BfARwHoeS7_course_id" version="1.3" xmlns="http://www.imsglobal.org/xsd/imscp_v1p1" xmlns:adlcp="http://www.adlnet.org/xsd/adlcp_v1p3" xmlns:adlseq="http://www.adlnet.org/xsd/adlseq_v1p3" xmlns:adlnav="http://www.adlnet.org/xsd/adlnav_v1p3" xmlns:imsss="http://www.imsglobal.org/xsd/imsss" xmlns:xsi="http://www.w3.org/2001/XMLSchema-instance" xsi:schemaLocation="http://www.imsglobal.org/xsd/imscp_v1p1 imscp_v1p1.xsd
                        http://www.adlnet.org/xsd/adlcp_v1p3 adlcp_v1p3.xsd
                        http://www.adlnet.org/xsd/adlseq_v1p3 adlseq_v1p3.xsd
                        http://www.adlnet.org/xsd/adlnav_v1p3 adlnav_v1p3.xsd
                        http://www.imsglobal.org/xsd/imsss imsss_v1p0.xsd">
  <metadata>
    <schema>ADL SCORM</schema>
    <schemaversion>CAM 1.3</schemaversion>
    <adlcp:location>metadata.xml</adlcp:location>
  </metadata>
  <organizations default="newark-health_ORG">
    <organization identifier="newark-health_ORG" adlseq:objectivesGlobalToSystem="false">
      <title>newark-health</title>
      <item identifier="newark-health_SCO" identifierref="__6BfARwHoeS7_course_id_RES" isvisible="true">
        <title>newark-health</title>
      </item>
      <metadata>
        <adlcp:location>metadata.xml</adlcp:location>
      </metadata>
      <imsss:sequencing>
        <imsss:controlMode choice="true" flow="true" />
        <imsss:deliveryControls tracked="true" completionSetByContent="false" objectiveSetByContent="false" />
      </imsss:sequencing>
    </organization>
  </organizations>
  <resources>
    <resource identifier="__6BfARwHoeS7_course_id_RES" type="webcontent" adlcp:scormType="sco" href="index_lms.html">
      <file href="story_content/thumbnail.jpg" />
      <file href="story_content/5knhz1VDXVK_DX822_DY822.swf" />
      <file href="mobile/5knhz1VDXVK_DX822_DY822_CX616_CY276.png" />
      <file href="story_content/6qHDqOxn3hj_DX304_DY304.swf" />
      <file href="mobile/6qHDqOxn3hj_DX304_DY304_CX142_CY142.png" />
      <file href="story_content/6cLHXSWlPLI_DX310_DY310.swf" />
      <file href="mobile/6cLHXSWlPLI_DX310_DY310_CX142_CY142.png" />
      <file href="story_content/6nev0EFsUcL_DX290_DY290.swf" />
      <file href="mobile/6nev0EFsUcL_DX290_DY290_CX142_CY142.png" />
      <file href="story_content/6EAiYqzm8Zq_DX316_DY316.swf" />
      <file href="mobile/6EAiYqzm8Zq_DX316_DY316_CX142_CY142.png" />
      <file href="story_content/6Mj4W8tyAEq_DX292_DY292.swf" />
      <file href="mobile/6Mj4W8tyAEq_DX292_DY292_CX142_CY142.png" />
      <file href="story_content/6EVfcRiFRFh_DX312_DY312.swf" />
      <file href="mobile/6EVfcRiFRFh_DX312_DY312_CX142_CY142.png" />
      <file href="story_content/63rPkm8goqU_DX308_DY308.swf" />
      <file href="mobile/63rPkm8goqU_DX308_DY308_CX142_CY142.png" />
      <file href="story_content/6pVvedIHzN6_DX282_DY282.swf" />
      <file href="mobile/6pVvedIHzN6_DX282_DY282_CX142_CY142.png" />
      <file href="story_content/6cxVhVHrOpD_22050_160_0.mp3" />
      <file href="story_content/6kxSc4swuK2_22050_160_0.mp3" />
      <file href="story_content/6ZrBnP9qp4R_DX1774_DY1774.swf" />
      <file href="mobile/6ZrBnP9qp4R_DX1774_DY1774_CX887_CY571.png" />
      <file href="story_content/5gfqegEgqcO_DX946_DY946.swf" />
      <file href="mobile/5gfqegEgqcO_DX946_DY946_CX106_CY220.png" />
      <file href="story_content/67KNdXmxA6R_X_DX834_DY834.swf" />
      <file href="mobile/67KNdXmxA6R_X_DX834_DY834_CX94_CY195.png" />
      <file href="story_content/5pHymMkD9nr_DX886_DY886.swf" />
      <file href="mobile/5pHymMkD9nr_DX886_DY886_CX120_CY249.png" />
      <file href="story_content/6Z24JvdXEqA_DX874_DY874.swf" />
      <file href="mobile/6Z24JvdXEqA_DX874_DY874_CX82_CY170.png" />
      <file href="story_content/5noIP0peMtY_DX870_DY870.swf" />
      <file href="mobile/5noIP0peMtY_DX870_DY870_CX100_CY208.png" />
      <file href="story_content/5vIL5OsFWIJ_X_DX836_DY836.swf" />
      <file href="mobile/5vIL5OsFWIJ_X_DX836_DY836_CX121_CY190.png" />
      <file href="mobile/5knhz1VDXVK_DX822_DY822_CX342_CY153.png" />
      <file href="story_content/5yF9bqDbng5_22050_160_0.mp3" />
      <file href="mobile/63rPkm8goqU_DX308_DY308_CX58_CY58.png" />
      <file href="mobile/6cLHXSWlPLI_DX310_DY310_CX64_CY64.png" />
      <file href="mobile/6EVfcRiFRFh_DX312_DY312_CX61_CY61.png" />
      <file href="mobile/6Mj4W8tyAEq_DX292_DY292_CX64_CY64.png" />
      <file href="mobile/6EAiYqzm8Zq_DX316_DY316_CX63_CY63.png" />
      <file href="mobile/6nev0EFsUcL_DX290_DY290_CX70_CY70.png" />
      <file href="mobile/6pVvedIHzN6_DX282_DY282_CX70_CY70.png" />
      <file href="mobile/6qHDqOxn3hj_DX304_DY304_CX64_CY64.png" />
      <file href="story_content/5mtpdJDOLJ6_DX364_DY364.swf" />
      <file href="mobile/5mtpdJDOLJ6_DX364_DY364_CX130_CY217.png" />
      <file href="story_content/6acwEUXMCLM_X_DX922_DY922.swf" />
      <file href="mobile/6acwEUXMCLM_X_DX922_DY922_CX91_CY190.png" />
      <file href="story_content/5WQPk9GmMG1_DX1770_DY1770.swf" />
      <file href="mobile/5WQPk9GmMG1_DX1770_DY1770_CX1327_CY855.png" />
      <file href="mobile/5knhz1VDXVK_DX822_DY822_CX334_CY150.png" />
      <file href="story_content/6BfME8LpF1G_DX604_DY604.jpg" />
      <file href="mobile/6BfME8LpF1G_DX604_DY604_CX380_CY197.jpg" />
      <file href="story_content/5rGLigJvQeJ_DX416_DY416.jpg" />
      <file href="mobile/5rGLigJvQeJ_DX416_DY416_CX242_CY181.jpg" />
      <file href="story_content/6oj0G7RhhEm_DX302_DY302.jpg" />
      <file href="mobile/6oj0G7RhhEm_DX302_DY302_CX226_CY148.jpg" />
      <file href="story_content/5uRtJOnsSOn_DX298_DY298.swf" />
      <file href="mobile/5uRtJOnsSOn_DX298_DY298_CX221_CY148.png" />
      <file href="story_content/61bq2kMafcF_DX320_DY320.jpg" />
      <file href="mobile/61bq2kMafcF_DX320_DY320_CX240_CY136.jpg" />
      <file href="story_content/6JXXBt5dOlZ_DX464_DY464.jpg" />
      <file href="mobile/6JXXBt5dOlZ_DX464_DY464_CX347_CY228.jpg" />
      <file href="story_content/6iEml5gFWJF_DX1084_DY1084.swf" />
      <file href="mobile/6iEml5gFWJF_DX1084_DY1084_CX542_CY419.png" />
      <file href="story_content/6MpmNAtUKmm_DX1084_DY1084.swf" />
      <file href="mobile/6MpmNAtUKmm_DX1084_DY1084_CX542_CY419.png" />
      <file href="story_content/6Y5z0qP5B8d_DX350_DY350.jpg" />
      <file href="mobile/6Y5z0qP5B8d_DX350_DY350_CX261_CY196.jpg" />
      <file href="story_content/6oWjUtW7VOG_DX338_DY338.jpg" />
      <file href="mobile/6oWjUtW7VOG_DX338_DY338_CX253_CY189.jpg" />
      <file href="story_content/64Wo9SLJUSL_DX588_DY588.jpg" />
      <file href="mobile/64Wo9SLJUSL_DX588_DY588_CX384_CY142.jpg" />
      <file href="story_content/6PluAnBazIC_DX554_DY554.swf" />
      <file href="mobile/6PluAnBazIC_DX554_DY554_CX414_CY304.png" />
      <file href="story_content/5xdL7iQ4NFq_DX204_DY204.jpg" />
      <file href="mobile/5xdL7iQ4NFq_DX204_DY204_CX153_CY52.jpg" />
      <file href="story_content/5wHEJGBsG67_DX204_DY204.jpg" />
      <file href="mobile/5wHEJGBsG67_DX204_DY204_CX118_CY123.jpg" />
      <file href="story_content/6pOtdBppCEO_DX446_DY446.jpg" />
      <file href="mobile/6pOtdBppCEO_DX446_DY446_CX272_CY224.jpg" />
      <file href="story_content/5wHEJGBsG67_DX206_DY206.jpg" />
      <file href="mobile/5wHEJGBsG67_DX206_DY206_CX147_CY153.jpg" />
      <file href="story_content/63rXThWt88O_DX530_DY530.jpg" />
      <file href="mobile/63rXThWt88O_DX530_DY530_CX265_CY198.jpg" />
      <file href="mobile/5wHEJGBsG67_DX204_DY204_CX142_CY148.jpg" />
      <file href="mobile/5gfqegEgqcO_DX946_DY946_CX151_CY313.png" />
      <file href="mobile/5noIP0peMtY_DX870_DY870_CX133_CY276.png" />
      <file href="story_content/67KNdXmxA6R_DX834_DY834.swf" />
      <file href="mobile/67KNdXmxA6R_DX834_DY834_CX120_CY249.png" />
      <file href="mobile/5pHymMkD9nr_DX886_DY886_CX139_CY289.png" />
      <file href="story_content/5vIL5OsFWIJ_DX836_DY836.swf" />
      <file href="mobile/5vIL5OsFWIJ_DX836_DY836_CX160_CY252.png" />
      <file href="mobile/6Z24JvdXEqA_DX874_DY874_CX135_CY280.png" />
      <file href="story_content/6acwEUXMCLM_DX922_DY922.swf" />
      <file href="mobile/6acwEUXMCLM_DX922_DY922_CX166_CY345.png" />
      <file href="story_content/txt__default_5bPuLbR2Vev.swf" />
      <file href="mobile/6pVvedIHzN6_DX282_DY282_CX211_CY211.png" />
      <file href="story_content/6iGbSorxweJ_22050_160_0.mp3" />
      <file href="story_content/5noIP0peMtY_X_DX870_DY870.swf" />
      <file href="mobile/5noIP0peMtY_X_DX870_DY870_CX132_CY274.png" />
      <file href="mobile/67KNdXmxA6R_X_DX834_DY834_CX120_CY250.png" />
      <file href="mobile/5vIL5OsFWIJ_X_DX836_DY836_CX160_CY252.png" />
      <file href="mobile/6acwEUXMCLM_X_DX922_DY922_CX133_CY277.png" />
      <file href="story_content/67RvvR4PBb6_22050_160_0.mp3" />
      <file href="story_content/6NvNttd1XvI_22050_160_0.mp3" />
      <file href="story_content/6Eem8iJoNUt_DX948_DY948.swf" />
      <file href="mobile/6Eem8iJoNUt_DX948_DY948_CX707_CY105.png" />
      <file href="story_content/6TE15MlRNro_X_DX242_DY242.swf" />
      <file href="mobile/6TE15MlRNro_X_DX242_DY242_CX87_CY181.png" />
      <file href="story_content/6KdOj5LH1UH_22050_160_0.mp3" />
      <file href="story_content/Shape5nsfHOn2ZeA.swf" />
      <file href="story_content/5mtpdJDOLJ6_DX366_DY366.swf" />
      <file href="mobile/5mtpdJDOLJ6_DX366_DY366_CX130_CY217.png" />
      <file href="story_content/txt__default_6b0zbwgLU8o.swf" />
      <file href="story_content/txt__default_6MJ6IWAxqoL.swf" />
      <file href="story_content/txt__default_5jtYbbnsmVF.swf" />
      <file href="story_content/txt__default_5duZVh9PzDC.swf" />
      <file href="mobile/5noIP0peMtY_DX870_DY870_CX314_CY652.png" />
      <file href="story_content/6Ea6CjNDSIP_22050_160_0.mp3" />
      <file href="story_content/5Z2Q9wXBc3O_22050_160_0.mp3" />
      <file href="story_content/5eheR3Xd8jc_22050_160_0.mp3" />
      <file href="story_content/6gG9glHA2eK_22050_160_0.mp3" />
      <file href="story_content/68mpYe0nE9w_22050_160_0.mp3" />
      <file href="story_content/5VGeWMtc35u_22050_160_0.mp3" />
      <file href="story_content/txt__default_6T7bmbrtDGD.swf" />
      <file href="story_content/6om5zI8BXk8_22050_160_0.mp3" />
      <file href="story_content/6ndV2ZMOPQV_DX350_DY350.jpg" />
      <file href="mobile/6ndV2ZMOPQV_DX350_DY350_CX262_CY144.jpg" />
      <file href="story_content/6JXXBt5dOlZ_DX462_DY462.jpg" />
      <file href="mobile/6JXXBt5dOlZ_DX462_DY462_CX253_CY166.jpg" />
      <file href="story_content/5a677azrkYa_DX312_DY312.jpg" />
      <file href="mobile/5a677azrkYa_DX312_DY312_CX234_CY175.jpg" />
      <file href="story_content/5mFy90mDZdd_DX220_DY220.jpg" />
      <file href="mobile/5mFy90mDZdd_DX220_DY220_CX144_CY165.jpg" />
      <file href="story_content/5jOh5JqWeJy_DX314_DY314.jpg" />
      <file href="mobile/5jOh5JqWeJy_DX314_DY314_CX235_CY156.jpg" />
      <file href="story_content/6ojkOzVCX1n_DX322_DY322.jpg" />
      <file href="mobile/6ojkOzVCX1n_DX322_DY322_CX240_CY160.jpg" />
      <file href="story_content/5UqukyauZi9_DX1248_DY1248.swf" />
      <file href="mobile/5UqukyauZi9_DX1248_DY1248_CX934_CY694.png" />
      <file href="story_content/5nt98pvRQOU_22050_160_0.mp3" />
      <file href="story_content/5rWsToZSlEP_22050_160_0.mp3" />
      <file href="story_content/6b9ueQlnaIP_22050_160_0.mp3" />
      <file href="story_content/6OMLfxXIz7y_22050_160_0.mp3" />
      <file href="story_content/5vzD5oMNWGS_22050_160_0.mp3" />
      <file href="story_content/6FE3HeqerLP_22050_160_0.mp3" />
      <file href="story_content/5xfqrKZFwDU_22050_160_0.mp3" />
      <file href="story_content/txt__default_5W9LNBlBC5v.swf" />
      <file href="story_content/6CmudoSAbyH_22050_160_0.mp3" />
      <file href="story_content/txt__default_6hzcBnm7XlO.swf" />
      <file href="story_content/6PXs8jeIrHy_22050_160_0.mp3" />
      <file href="story_content/5vIL5OsFWIJ_DX838_DY838.swf" />
      <file href="mobile/5vIL5OsFWIJ_DX838_DY838_CX399_CY628.png" />
      <file href="story_content/5wd3a6oiBps_22050_160_0.mp3" />
      <file href="story_content/5f5X5j5LoGC_22050_160_0.mp3" />
      <file href="story_content/6mFSQ9vBSP9_22050_160_0.mp3" />
      <file href="story_content/5YpHygoYdU0_22050_160_0.mp3" />
      <file href="story_content/5tzaNdsIhUu_22050_160_0.mp3" />
      <file href="story_content/6Wrg6y4KDy3_22050_160_0.mp3" />
      <file href="story_content/txt__default_5XxS8OJIQz7.swf" />
      <file href="story_content/6XqH1OHt6qu_22050_160_0.mp3" />
      <file href="story_content/6dsbkbmqSLw_22050_160_0.mp3" />
      <file href="story_content/5om4fQHC52w_22050_160_0.mp3" />
      <file href="story_content/6IU7hJJoNAU_22050_160_0.mp3" />
      <file href="story_content/5kgOeJQlS8t_22050_160_0.mp3" />
      <file href="story_content/66ZbZpGsrZi_22050_160_0.mp3" />
      <file href="story_content/5fqNjpeqiFi_22050_160_0.mp3" />
      <file href="story_content/5ixPG00hZaN_22050_160_0.mp3" />
      <file href="story_content/txt__default_6SRYU6y41Az.swf" />
      <file href="story_content/663h6a1zFnx_22050_160_0.mp3" />
      <file href="story_content/txt__default_63SaGW29eEX.swf" />
      <file href="story_content/6R0V4AULcxO_22050_160_0.mp3" />
      <file href="story_content/5zmdw9I0qqf_22050_160_0.mp3" />
      <file href="mobile/6acwEUXMCLM_DX922_DY922_CX322_CY669.png" />
      <file href="story_content/6eWkCnxBn9V_22050_160_0.mp3" />
      <file href="story_content/5aRhyZNCiWH_22050_160_0.mp3" />
      <file href="story_content/5de704x3UJN_22050_160_0.mp3" />
      <file href="story_content/5w9IldTy3iz_22050_160_0.mp3" />
      <file href="story_content/5bkn6e83DKT_22050_160_0.mp3" />
      <file href="story_content/txt__default_6maJsUKE0Pd.swf" />
      <file href="story_content/5oW4ZocBUk0_22050_160_0.mp3" />
      <file href="story_content/5ZI0cXkdZIB_22050_160_0.mp3" />
      <file href="story_content/6Qk6ssvPdFa_22050_160_0.mp3" />
      <file href="story_content/6rkVtv5Ucm7_22050_160_0.mp3" />
      <file href="story_content/6VLHauBWHv7_22050_160_0.mp3" />
      <file href="story_content/616bKw6kjoC_22050_160_0.mp3" />
      <file href="story_content/6U54lppmLrE_22050_160_0.mp3" />
      <file href="story_content/5jE9wRYh7r7_22050_160_0.mp3" />
      <file href="story_content/txt__default_5bqYFg2smng.swf" />
      <file href="story_content/5gyU6IpEbz1_22050_160_0.mp3" />
      <file href="story_content/txt__default_5ZR4p5eD4ee.swf" />
      <file href="story_content/5lZDvDYyfI0_22050_160_0.mp3" />
      <file href="story_content/6qut3Z3orvj_22050_160_0.mp3" />
      <file href="story_content/6Z24JvdXEqA_DX876_DY876.swf" />
      <file href="mobile/6Z24JvdXEqA_DX876_DY876_CX316_CY657.png" />
      <file href="story_content/6lbXou8Lufh_22050_160_0.mp3" />
      <file href="story_content/6YQvOUUPDY9_22050_160_0.mp3" />
      <file href="mobile/63rPkm8goqU_DX308_DY308_CX231_CY231.png" />
      <file href="story_content/5nH3ycxa6YV_XY_DX1770_DY1770.swf" />
      <file href="mobile/5nH3ycxa6YV_XY_DX1770_DY1770_CX1308_CY843.png" />
      <file href="story_content/5nH3ycxa6YV_DX1770_DY1770.swf" />
      <file href="mobile/5nH3ycxa6YV_DX1770_DY1770_CX1327_CY855.png" />
      <file href="story_content/6DTSrQzN0z5_22050_160_0.mp3" />
      <file href="story_content/5pHymMkD9nr_DX888_DY888.swf" />
      <file href="mobile/5pHymMkD9nr_DX888_DY888_CX321_CY666.png" />
      <file href="story_content/5ltiMyxkdoj_22050_160_0.mp3" />
      <file href="story_content/6q6XoNCLDgy_22050_160_0.mp3" />
      <file href="mobile/6EVfcRiFRFh_DX312_DY312_CX234_CY234.png" />
      <file href="story_content/5rrEjQjn1xo_22050_160_0.mp3" />
      <file href="story_content/6hMpk9ihWBB_22050_160_0.mp3" />
      <file href="story_content/62OR2DWeGXt_22050_160_0.mp3" />
      <file href="mobile/6cLHXSWlPLI_DX310_DY310_CX232_CY232.png" />
      <file href="story_content/5cbsOHjibLX_22050_160_0.mp3" />
      <file href="mobile/6acwEUXMCLM_DX922_DY922_CX333_CY691.png" />
      <file href="story_content/5ednyZs7sbh_22050_160_0.mp3" />
      <file href="story_content/5wa6wC0zrs2_22050_160_0.mp3" />
      <file href="story_content/6EAiYqzm8Zq_DX318_DY318.swf" />
      <file href="mobile/6EAiYqzm8Zq_DX318_DY318_CX238_CY238.png" />
      <file href="mobile/5nH3ycxa6YV_XY_DX1770_DY1770_CX1249_CY805.png" />
      <file href="mobile/5nH3ycxa6YV_DX1770_DY1770_CX1058_CY682.png" />
      <file href="story_content/6So3CDDOqmH_22050_160_0.mp3" />
      <file href="story_content/5d2yPHZKR4f_22050_160_0.mp3" />
      <file href="story_content/6H2vGQp43RH_22050_160_0.mp3" />
      <file href="story_content/6nev0EFsUcL_DX292_DY292.swf" />
      <file href="mobile/6nev0EFsUcL_DX292_DY292_CX219_CY219.png" />
      <file href="story_content/5ZwsBE4p7JX_22050_160_0.mp3" />
      <file href="mobile/67KNdXmxA6R_DX834_DY834_CX301_CY625.png" />
      <file href="story_content/6jCHF30Rm8i_22050_160_0.mp3" />
      <file href="story_content/6UB8B84HTo4_22050_160_0.mp3" />
      <file href="mobile/6Mj4W8tyAEq_DX292_DY292_CX219_CY219.png" />
      <file href="mobile/5gfqegEgqcO_DX946_DY946_CX283_CY588.png" />
      <file href="story_content/6eNPCVBWQKj_22050_160_0.mp3" />
      <file href="story_content/5hYKhQ9m24R_22050_160_0.mp3" />
      <file href="story_content/5nDDgvx2xiZ_22050_160_0.mp3" />
      <file href="mobile/6qHDqOxn3hj_DX304_DY304_CX228_CY228.png" />
      <file href="story_content/6OWf3glyj8C_22050_160_0.mp3" />
      <file href="story_content/5yXV6ODYO8P_22050_160_0.mp3" />
      <file href="story_content/6ZFGglPJXad_22050_160_0.mp3" />
      <file href="story_content/5xG8SGe3naE_22050_160_0.mp3" />
      <file href="story_content/5c2OCvI5XfM_22050_160_0.mp3" />
      <file href="story_content/5be9y5mOa1F_22050_160_0.mp3" />
      <file href="story_content/txt__default_653m85wHtdd.swf" />
      <file href="story_content/6m3yKVG9Gnw_22050_160_0.mp3" />
      <file href="story_content/6MvCuIesDP1_22050_160_0.mp3" />
      <file href="story_content/5w1Jt7tVofQ_22050_160_0.mp3" />
      <file href="story_content/6bzdWTLNWAq_22050_160_0.mp3" />
      <file href="story_content/5gvFI6p70Nc_22050_160_0.mp3" />
      <file href="story_content/682CAUL5iID_22050_160_0.mp3" />
      <file href="story_content/5ybhyrWev6c_22050_160_0.mp3" />
      <file href="story_content/669lNDwkzuZ_22050_160_0.mp3" />
      <file href="story_content/txt__default_6MbIAIZFOZP.swf" />
      <file href="story_content/6L7oqNwFOwu_22050_160_0.mp3" />
      <file href="story_content/txt__default_5mssxe2fyER.swf" />
      <file href="story_content/62nw2np7ICm_22050_160_0.mp3" />
      <file href="story_content/6bWSH48QQeY_22050_160_0.mp3" />
      <file href="story_content/6d3Kk8KCkrC_22050_160_0.mp3" />
      <file href="story_content/6RJutITcZzj_22050_160_0.mp3" />
      <file href="story_content/6XGMlzEed9V_22050_160_0.mp3" />
      <file href="story_content/5kOY4OcrI2W_22050_160_0.mp3" />
      <file href="story_content/5XsbmJ3DRI9_22050_160_0.mp3" />
      <file href="story_content/txt__default_6JUkqHlXgH4.swf" />
      <file href="story_content/5YYEq8N27h6_22050_160_0.mp3" />
      <file href="story_content/6PbYmczUnRA_22050_160_0.mp3" />
      <file href="story_content/6AooiEq1xhU_22050_160_0.mp3" />
      <file href="story_content/6myBe3Hg0kM_22050_160_0.mp3" />
      <file href="story_content/5W4LwWMNLYA_22050_160_0.mp3" />
      <file href="story_content/6TO0IDDQp1e_22050_160_0.mp3" />
      <file href="story_content/6keL451A415_22050_160_0.mp3" />
      <file href="story_content/697Fm5lyRTk_22050_160_0.mp3" />
      <file href="story_content/txt__default_5qoKHR8M7nM.swf" />
      <file href="story_content/6KIQOGtTTkg_22050_160_0.mp3" />
      <file href="story_content/txt__default_5mnpWLAEj86.swf" />
      <file href="story_content/6W7NFKkJwmM_22050_160_0.mp3" />
      <file href="story_content/5zU8xtZWhuj_22050_160_0.mp3" />
      <file href="story_content/6YiGcYmcolc_22050_160_0.mp3" />
      <file href="story_content/66R5BQIfk79_22050_160_0.mp3" />
      <file href="story_content/6URVccAOZev_22050_160_0.mp3" />
      <file href="story_content/5r4l5eG67iK_22050_160_0.mp3" />
      <file href="story_content/6HBwNkWCBRf_22050_160_0.mp3" />
      <file href="story_content/txt__default_6nsTApDDhsJ.swf" />
      <file href="story_content/5WjmiPavJTf_22050_160_0.mp3" />
      <file href="story_content/6P2L4dlApLI_22050_160_0.mp3" />
      <file href="story_content/6LIp5AQmar8_22050_160_0.mp3" />
      <file href="story_content/5vqKtAZfIy6_22050_160_0.mp3" />
      <file href="story_content/6nBPCTVuQ5b_22050_160_0.mp3" />
      <file href="story_content/5pEr3D2uAYT_22050_160_0.mp3" />
      <file href="story_content/5pRJzKtb4Wj_22050_160_0.mp3" />
      <file href="story_content/6ERWJL0Mr66_22050_160_0.mp3" />
      <file href="story_content/txt__default_69vMZMPycNf.swf" />
      <file href="story_content/6gQhFg1wrke_22050_160_0.mp3" />
      <file href="story_content/txt__default_5iYveL5Vpt7.swf" />
      <file href="story_content/6UIRsoEplFF_22050_160_0.mp3" />
      <file href="mobile/5gfqegEgqcO_DX946_DY946_CX303_CY630.png" />
      <file href="story_content/6KOByghqeML_22050_160_0.mp3" />
      <file href="story_content/634XriJoAKk_22050_160_0.mp3" />
      <file href="story_content/6AITzecpsPB_22050_160_0.mp3" />
      <file href="story_content/5ks2U7R72jU_22050_160_0.mp3" />
      <file href="story_content/6YlCOzP3YDs_22050_160_0.mp3" />
      <file href="story_content/6QC9KavTV2X_22050_160_0.mp3" />
      <file href="story_content/6aftS8PLfo9_22050_160_0.mp3" />
      <file href="story_content/5pMfStY80V3_22050_160_0.mp3" />
      <file href="story_content/txt__default_5mfL0yQufZG.swf" />
      <file href="story_content/66oFB21MIqT_22050_160_0.mp3" />
      <file href="story_content/6fRQSQFSzG0_22050_160_0.mp3" />
      <file href="story_content/5oiKV4g9q03_22050_160_0.mp3" />
      <file href="story_content/66JYoqmUUOC_22050_160_0.mp3" />
      <file href="story_content/6E7DLB0Js2z_22050_160_0.mp3" />
      <file href="story_content/6pYSB416Kfd_22050_160_0.mp3" />
      <file href="story_content/5bDkADYEPfT_22050_160_0.mp3" />
      <file href="story_content/txt__default_5lzTDs2CTDC.swf" />
      <file href="story_content/6PJpMiavTPk_22050_160_0.mp3" />
      <file href="story_content/txt__default_6V3sV8PjCms.swf" />
      <file href="story_content/6RVxMnDhnrd_22050_160_0.mp3" />
      <file href="meta.xml" />
      <file href="story_content/FontFactory.swf" />
      <file href="story_content/fonts.swf" />
      <file href="story_content/frame.xml" />
      <file href="story_content/frame.json" />
      <file href="story_content/user.js" />
      <file href="mobile/txt__default_5bPuLbR2Vev.png" />
      <file href="mobile/Shape5nsfHOn2ZeA.png" />
      <file href="mobile/txt__default_6b0zbwgLU8o.png" />
      <file href="mobile/txt__default_6MJ6IWAxqoL.png" />
      <file href="mobile/txt__default_5jtYbbnsmVF.png" />
      <file href="mobile/txt__default_5duZVh9PzDC.png" />
      <file href="mobile/txt__default_6T7bmbrtDGD.png" />
      <file href="mobile/txt__default_5W9LNBlBC5v.png" />
      <file href="mobile/txt__default_6hzcBnm7XlO.png" />
      <file href="mobile/txt__default_5XxS8OJIQz7.png" />
      <file href="mobile/txt__default_6SRYU6y41Az.png" />
      <file href="mobile/txt__default_63SaGW29eEX.png" />
      <file href="mobile/txt__default_6maJsUKE0Pd.png" />
      <file href="mobile/txt__default_5bqYFg2smng.png" />
      <file href="mobile/txt__default_5ZR4p5eD4ee.png" />
      <file href="mobile/txt__default_653m85wHtdd.png" />
      <file href="mobile/txt__default_6MbIAIZFOZP.png" />
      <file href="mobile/txt__default_5mssxe2fyER.png" />
      <file href="mobile/txt__default_6JUkqHlXgH4.png" />
      <file href="mobile/txt__default_5qoKHR8M7nM.png" />
      <file href="mobile/txt__default_5mnpWLAEj86.png" />
      <file href="mobile/txt__default_6nsTApDDhsJ.png" />
      <file href="mobile/txt__default_69vMZMPycNf.png" />
      <file href="mobile/txt__default_5iYveL5Vpt7.png" />
      <file href="mobile/txt__default_5mfL0yQufZG.png" />
      <file href="mobile/txt__default_5lzTDs2CTDC.png" />
      <file href="mobile/txt__default_6V3sV8PjCms.png" />
      <file href="story.swf" />
      <file href="story_content/frame.swf" />
      <file href="story_content/slides/6n9mZmDwag0.swf" />
      <file href="story_content/slides/6jAv0DBINtu.swf" />
      <file href="story_content/slides/5jLgAreA03d.swf" />
      <file href="story_content/slides/6V2pWhNanrx.swf" />
      <file href="story_content/slides/5ssf2NSqHFf.swf" />
      <file href="story_content/slides/5vUGlDERW98.swf" />
      <file href="story_content/slides/6H5A69PAVOG.swf" />
      <file href="story_content/slides/616eIzIZnca.swf" />
      <file href="story_content/slides/6ohBdaCJ8qS.swf" />
      <file href="story_content/slides/6fglBpT78zK.swf" />
      <file href="story_content/slides/6JwZ8jNoksN.swf" />
      <file href="story_content/slides/5ofp1lMUcwo.swf" />
      <file href="story_content/slides/5doJA6j5sVm.swf" />
      <file href="story_content/slides/6QoFIWnmVGR.swf" />
      <file href="story_content/slides/6eXM6h3KsBG.swf" />
      <file href="story_content/slides/5i7zma42ujS.swf" />
      <file href="story_content/slides/6AePdu6IjDY.swf" />
      <file href="story_content/data.swf" />
      <file href="html5/data/css/output.min.css" />
      <file href="html5/data/js/5doJA6j5sVm.js" />
      <file href="html5/data/js/5i7zma42ujS.js" />
      <file href="html5/data/js/5jLgAreA03d.js" />
      <file href="html5/data/js/5ofp1lMUcwo.js" />
      <file href="html5/data/js/5ssf2NSqHFf.js" />
      <file href="html5/data/js/5vUGlDERW98.js" />
      <file href="html5/data/js/616eIzIZnca.js" />
      <file href="html5/data/js/6AePdu6IjDY.js" />
      <file href="html5/data/js/6eXM6h3KsBG.js" />
      <file href="html5/data/js/6fglBpT78zK.js" />
      <file href="html5/data/js/6H5A69PAVOG.js" />
      <file href="html5/data/js/6jAv0DBINtu.js" />
      <file href="html5/data/js/6JwZ8jNoksN.js" />
      <file href="html5/data/js/6n9mZmDwag0.js" />
      <file href="html5/data/js/6ohBdaCJ8qS.js" />
      <file href="html5/data/js/6QoFIWnmVGR.js" />
      <file href="html5/data/js/6V2pWhNanrx.js" />
      <file href="html5/data/js/data.js" />
      <file href="html5/data/js/frame.js" />
      <file href="html5/data/js/paths.js" />
      <file href="html5/lib/scripts/app.min.js" />
      <file href="html5/lib/stylesheets/main.min.css" />
      <file href="html5/lib/stylesheets/mobile-fonts/open-sans-bold.woff" />
      <file href="html5/lib/stylesheets/mobile-fonts/open-sans-light.woff" />
      <file href="html5/lib/stylesheets/mobile-fonts/open-sans-regular.woff" />
      <file href="story.html" />
      <file href="story_flash.html" />
      <file href="story_html5.html" />
      <file href="story_content/blank.html" />
      <file href="story_content/story.js" />
      <file href="index_lms.html" />
      <file href="index_lms_html5.html" />
      <file href="index_lms_flash.html" />
      <file href="lms/AICCComm.html" />
      <file href="lms/AICCFunctions.js" />
      <file href="lms/API.js" />
      <file href="lms/APIConstants.js" />
      <file href="lms/blank.html" />
      <file href="lms/browsersniff.js" />
      <file href="lms/Configuration.js" />
      <file href="lms/goodbye.html" />
      <file href="lms/lms.js" />
      <file href="lms/LMSAPI.js" />
      <file href="lms/NONEFunctions.js" />
      <file href="lms/SCORM2004Functions.js" />
      <file href="lms/SCORMFunctions.js" />
      <file href="lms/UtilityFunctions.js" />
    </resource>
  </resources>
</manifest>